{"brush_hair": 0.7, "catch": 0.7666666666666667, "clap": 0.3, "climb_stairs": 0.6333333333333333, "draw_sword": 0.2, "drink": 0.9, "fall_floor": 0.06896551724137931, "flic_flac": 0.6551724137931034, "handstand": 0.6666666666666666, "hug": 0.7333333333333333, "kick": 0.3333333333333333, "kiss": 0.7931034482758621, "pick": 0.2, "pullup": 0.9333333333333333, "push": 0.7666666666666667, "ride_bike": 0.9666666666666667, "run": 0.36666666666666664, "shoot_ball": 0.9310344827586207, "shoot_gun": 0.6896551724137931, "situp": 0.8620689655172413, "smoke": 0.3103448275862069, "stand": 0.36666666666666664, "sword": 0.36666666666666664, "talk": 0.5517241379310345, "turn": 0.4, "wave": 0.20689655172413793, "cartwheel": 0.43333333333333335, "chew": 0.5, "climb": 0.9666666666666667, "dive": 0.5, "dribble": 0.7931034482758621, "eat": 0.3103448275862069, "fencing": 0.8, "golf": 1.0, "hit": 0.5, "jump": 0.4666666666666667, "kick_ball": 0.7, "laugh": 0.6333333333333333, "pour": 0.8666666666666667, "punch": 0.5333333333333333, "pushup": 0.8666666666666667, "ride_horse": 0.7666666666666667, "shake_hands": 0.8275862068965517, "shoot_bow": 0.9333333333333333, "sit": 0.16666666666666666, "smile": 0.3, "somersault": 0.5333333333333333, "swing_baseball": 0.27586206896551724, "sword_exercise": 0.3333333333333333, "throw": 0.4, "walk": 0.4666666666666667}